zero,
ACTION,
ADALINE,
ADBench,
AED,
AGI,
AIC,
AIGC,
AIM,
AIR,
ALBERT,
ALS,
ANN,
ANNs,
APC,
API,
APM,
ARIMA,
ARTIFICIAL,
ASR,
AST,
AUTOMATION,
AVSR,
Ablation,
Abstraction,
Accuracy,
Acoustic,
Action,
Activation,
Active,
Actor,
AdaBoost,
AdaGrad,
AdaRNN,
Adaboost,
Adam,
AdamOptimizer,
Adaptation,
Adaption,
Adaptive,
Advanced,
Advances,
Advantage,
Adversarial,
AeGAN,
Agentic,
AlexNet,
Alexnet,
Algorithm,
Algorithms,
Alias,
Aligned,
Alpaca,
AlphaFold,
AlphaGo,
AlphaStock,
Analogy,
Analysis,
Animat,
Annotation,
Anomaly,
Appearance,
Applicability,
Application,
Applications,
Approximate,
Approximation,
Args,
Arrays,
Aspect,
Assembly,
Assessing,
Asymptotically,
Attack,
Attacks,
Audio,
AutoEncoder,
AutoGPT,
AutoRegressive,
Autoregressive,
Average,
Axioms,
BART,
BERT,
BFT,
BLEU,
BN,
BOS,
BOT,
BPTT,
BRAN,
BS,
Barycentric,
Bayesian,
Benchmark,
Benchmarks,
Bernoulli,
Bidirectional,
Bilinear,
Binary,
Bio,
Biological,
Biometric,
Biped,
Bit,
Black,
Blending,
Block,
Boost,
Boosting,
Bootstrap,
Boundary,
Bounded,
Brain,
Branch,
Break,
Bucketing,
Buffer,
CAE,
CAM,
CAP,
CBA,
CBOW,
CCL,
CCNet,
CDE,
CDEs,
CDT,
CE,
CEA,
CEM,
CFG,
CGI,
CIL,
CKA,
CL,
CLEVR,
CLIP,
CLUE,
CLUECorpus,
CLUES,
CM,
CML,
CNN,
CNNS,
CNNR,
COCO,
COLA,
COS,
COT,
CP,
CPU,
CRF,
CRFs,
CRL,
CRM,
CSA,
CSAE,
CSC,
CSG,
CSR,
Cache,
Calibration,
Canonical,
Capability,
Captioning,
Capsule,
Captions,
Cartography,
Cascade,
Categorical,
Categorization,
Causal,
Causality,
Cell,
Cells,
Centroid,
Chain,
Challenges,
Challenging,
Channel,
Channels,
Char,
Character,
Characteristics,
Checkpoint,
Chemical,
Chess,
Chip,
Choice,
Chunks,
Ciphertext,
Citation,
Citing,
Claim,
Clamping,
Classification,
Classifier,
Co,
Coarse,
Coherence,
Cohesion,
Cold,
Collapse,
Collection,
Color,
Combine,
Combining,
Committee,
Communication,
Community,
Comparative,
Comparison,
Compendiums,
Complementary,
Complete,
Compositional,
Compressed,
Compression,
Computational,
Compute,
Computer,
Computing,
Concentrating,
Concentration,
Conditional,
Conditions,
Confidence,
Config,
Configuration,
Conflicting,
Conform,
Connected,
Connecting,
Connections,
Consciousness,
Consensus,
Conservative,
Considerations,
Consistency,
Consistent,
Constant,
Constraints,
Construct,
Constructing,
Construction,
Content,
Contour,
Contrast,
Contrastive,
Control,
Controlled,
Controllers,
Conversion,
Converter,
Convex,
Cooperative,
Coordinate,
Copilot,
Corpora,
Corpus,
Correction,
Correctness,
Correlation,
Costly,
Count,
Counterfactual,
Coupled,
Coverage,
Creativity,
Cross,
Crossover,
Crowdsourced,
Crystal,
Cuda,
Curriculum,
Cycle,
DCC,
DCNN,
DCUNet,
DDPM,
DDPMS,
DDPG,
Denoising,
Decomposition,
Decoupled,½âñîµÄ
Defects,È±ÏÝ
Defenses,
Definition,
Deflation,
Deformable,
Degeneration,
Degree,
Delivering,
Delivery,
Delta,
Demo,
Demonstration,
Dependence,
Dependency,
Dependent,
Derive,
Derived,
Describing,
Descriptive,
Details,
Detecting,
Detection,
Detector,
Determinants,
Determinism,
Deterministics,
Development,
Deviations,
Diagonal,
Dict,
Dicts,
Difference,
Differential,
Diffusion,
Digital,
Dilated,
Dimension,
Dimensional,
Dimensionality,
Direction,
Discourse,
Discrete,
Discriminant,
Discriminative,
Disjoint,
Disks,
Dispatch,
Dispersal,
Distance,
Distinct,
Distribution,
Distributions,
Diversity,
Document,
Documents,
Double,
Dropout,
Dual,
Dubins,
Duration,
ECG,
ECM,
ECT,
EEG,
EM,
EMA,
ENN,
ENNs,
EPR,
EULER,
EVALUATION,
Echo,
Economies,
Editor,
Encoding,
Encodings,
Encoder,
Endowment,
Ensemble,
Entailment,
Entity,
Entropy,
Enumerating,
Environment,
Equivariance,
Estimating,
Estimation,
Estimator,
Euclidean,
Evasion,
Event,
Evidence,
Evolving,
Exact,
Exception,
Exclusion,
Execution,
Exhaustive,
Explanations,
Explicit,
Exploiting,
Exploration,
Explosion,
Exponentials,
Exposure,
Expression,
Expressions,
Extraction,
Extremes,
F1,
FAN,
FFN,
FFNN,
FGSM,
FIR,
FM,
FNN,
FRCNN,
FSM,
FT,
Fa,
Facial,
Fact,
Factor,
Factors,
Fairness,
Falsification,
Family,
Faster,
Fault,
Feasibility,
Federated,
Fidelity,
Filtering,
Filters,
Financial,
Finetuning,
Fission,
Fixed,
Flexibility,
Flexible,
Flops,
Flow,
Focal,
Foils,
Folds,
Forecasting,
Forest,
Formal,
Format,
Formula,
Forward,
Foundation,
Fourier,
Fractional,
Frame,
Framework,
Freezing,
Frequency,
Frugal,
Fusion,
G2P,
GA,
GAN,
GANS,
GCN,
GCNs,
GD,
GDM,
GEM,
GENE,
GENs,
GEP,
GFL,
GGNN,
GHOST,
GIST,
GLUE,
GMA,
GMF,
GNN,
GNNS,
GP,
GPT,
GPT2,
GPT4,
GPU,
GPUS,
GRN,
GRU,
GRUS,
GT,
Gabor,
Gain,
Game,
Gaming,
Gating,
Gaze,
Generalization,
Generalized,
Generating,
Generative,
Genetic,
Geography,
Geometry,
Gillespie,
Goals,
Gradient,
Gradients,
Grammar,
Grammatical,
Grounded,
HAL,
HAN,
HAR,
HE,
HESSIAN,
HMM,
HNN,
HRRN,
HTN,
HUBERT,
Hao,
Harmful,
Harmfulness,
Hate,
Hebbian,
Hierarchical,
Hierarchy,
Holdout,
Holographic,
Homogeneous,
Hparam,
Hyperparameter,
Hyperparameters,
IAM,
IC,
ICT,
ID,
IDEAL,
IDS,
IID,
IL,
ILP,
IMU,
ImageNet,
Images,
Imaging,
Imbalanced,
Immune,
Impairment,
Implicit,
Importance,
Imputing,
Incentive,
Incomplete,
Incorporating,
Independence,
Independent,
Indices,
Individual,
Information,
Inference,
Infini,
Influence,
Informativeness,
Initialization,
Initialized,
Inner,
Innovation,
Instruction,
Instructions,
Instrument,
Insurance,
Integrals,
Integration,
Intelligence,
Intelligent,
Interaction,
Interactions,
Interpretability,
Interpretation,
Interpreter,
Interpreting,
Intervention,
Interval,
Inverse,
Investigating,
Involved,
Involving,
Irrelevant,
Item,
Iterative,
JACCARD,
Jaccard,
Joint,
Judge,
Judging,
Judgment,
Jumping,
KG,
KGE,
KL,
KNN,
KR,
KRR,
Knowledge,
LAB,
LAM,
LAN,
LAS,
LATENT,
LAVIS,
LBFGS,
LBP,
LCA,
LCM,
LCP,
LCS,
LDA,
LDM,
LIFT,
LIF,
LIME,
LINEAR,
LIP,
LISP,
LL,
LLAMA,
LLM,
LLMs,
LME,
LMI,
LORAS,
LOS,
LP,
LQR,
LR,
LRS,
LRT,
LSA,
LSH,
LSTM,
LSTMs,
LTL,
LVIS,
Labeling,
Labels,
Lag,
Lambda,
Laplacian,
Latency,
Latent,
Lattice,
Layer,
Layers,
Leakage,
Lens,
Lexical,
Libraries,
Library,
Licensing,
Limit,
Limited,
Linguistics,
Link,
Linked,
Linking,
Load,
Locality,
Localization,
Locations,
Longitudinal,
Loss,
MM,
MMU,
MNIST,
MOE,
MOG,
MOS,
MPC,
MPE,
MPL,
MPLADAPT,
MPU,
MQ,
MRA,
MRC,
MRI,
MRNN,
MS,
MSA,
MSE,
MST,
MSVD,
MT,
MTA,
MTCNN,
MTO,
MTS,
MTT,
MVS,
Macroscopic,
Magnetic,
Magnitude,
Mammo,
Manifold,
Manner,
Map,
Mapping,
Maps,
Markov,
Mask,
Masked,
Mass,
Materials,
Mathematical,
Maximum,
Meaning,
Measure,
Measurement,
Mechanical,
Mechanism,
Media,
Medical,
Membrane,
Memories,
Memory,
Meta,
Metamodel,
Metric,
Metrics,
Micro,
Migration,
Minimal,
Minimum,
Mix,
Mixed,
Mixture,
Moment,
Moments,
Monitoring,
Monotonic,
Morphological,
Motion,
Motivation,
Multi,
Multichannel,
Multiclass,
Multidimensional,
Multifidelity,
Multigraph,
Multilabel,
Multilingual,
Multimodal,
Multiobjec,
Multiplayer,
Multiple,
Multiscale,
Multiset,
Multistage,
Multitask,
Multiview,
Multivariate,
Music,
Mutual,
NAS,
NAT,
NCA,
NCC,
NCL,
NEG,
NER,
NET,
NICE,
NLP,
NLU,
NMT,
NN,
NNN,
NNs,
NODE,
NODES,
NP,
NPP,
NPU,
NSP,
NaN,
Narrative,
Navigating,
Navigation,
Near,
Necessity,
Negative,
Neighbor,
Nested,
Neural,
Neurons,
Noise,
Noisy,
Nominal,
Nonlinearity,
Nonlinearities,
Normal,
Normalization,
Notation,
Novel,
Noxious,
Nuance,
Null,
Numeric,
Numerical,
Numpy,
OASIS,
OC,
OCR,
OD,
ODE,
ODEs,
OFT,
ONE,
ONN,
OOV,
OP,
OPT,
OR,
OS,
Outer,
Overlapping,
Overfitting,
Overview,
PALM,
PAN,
PCA,
PCI,
PCM,
PDE,
PDS,
PE,
PET,
PG,
PGD,
PI,
PID,
PIM,
PIT,
PL,
PLA,
PLL,
PLM,
PLMs,
PM,
PNC,
PNF,
PNN,
PPO,
PPM,
PPN,
PR,
PRA,
Precision,
Precondition,
Preconditions,
Pretrained,
Pretraining,
Prima,
Primitive,
Principal,
Prior,
Prioritized,
Private,
Privilege,
Probabilities,
Probing,
Production,
Program,
Programming,
Programs,
Progress,
Project,
Projection,
Propagating,
Propagation,
Proposal,
Proposals,
Protocols,
Prototype,
Prototypes,
Proximal,
Pruning,
Punctuation,
Purpose,
Pytorch,
QA,
QC,
QoS,
QTL,
QTLS,
Qbert,
Qualitative,
Quantification,
Quantization,
Quantitative,
Quasi,
Queries,
Query,
Question,
Questions,
RAM,
RBF,
RC,
RCNN,
RDB,
RDP,
RE,
REASONING,
REC,
RED,
RELU,
REP,
RES,
RESONANCE,
RF,
FRCNN,
RL,
RLA,
RLHF,
RLS,
RMS,
RNN,
RNNS,
ROB,
ROMA,
ROMAN,
RP,
RPL,
RQ,
RS,
RSS,
RST,
RT,
RTE,
RTL,
RTMP,
RTP,
RTT,
RUL,
RW,
Raft,
Ramp,
Random,
Range,
Rank,
Ranking,
Ranks,
Ratio,
Ratios,
Ray,
Relevance,
Reliability,
Remarkable,
Remote,
Repair,
Repeated,
Reporting,
Repository,
Reshaping,
Residual,
Resilience,
Resolution,
ResNet,
ResNet18,
ResNets,
Restoration,
Restricted,
Reversal,
Reverse,
Reward,
Rewards,
Robot,
Robotic,
Robotics,
Robust,
Robustness,
Role,
Root,
Rotational,
Rounding,
Roundup,
Rule,
SA,
SAC,
SAMs,
SAN,
SAT,
SCADA,
SCENE,
SD,
SDP,
SEGAN,
SEM,
SEQ,
SF,
SGD,
SGDM,
SGE,
SGG,
SGLD,
SIFT,
SIM,
SIN,
SIP,
SL,
SLAM,
SLIC,
SLM,
SMC,
SMO,
SMP,
SMT,
SMTNN,
SNR,
SOC,
SOD,
SOTA,
SPARSE,
SPEC,
SR,
SRCNN,
SRL,
SS,
SSL,
SSLM,
SSMs,
SSN,
STN,
STNs,
STUDY,
SV,
SVD,
SVM,
SWAG,
SYNERGISTIC,
SYST,
Safety,
Sampling,
Scalar,
Scale,
Scaling,
Scatter,
Scheduling,
Schema,
Schwa,
Scoping,
Scoring,
Search,
Searches,
Seasonal,
Second,
Secret,
Security,
Select,
Selection,
Self,
Semantics,
Sensors,
Separable,
Separation,
Server,
Servers,
Shape,
Shapes,
Sharing,
Shift,
Short,
SiamRPN,
Similarity,
Simulated,
Simulation,
Single,
Singularity,
Site,
Situation,
Skeleton,
Skill,
Skills,
Slicing,
Slots,
Smartphone,
Socket,
Soft,
Softmax,
Solvability,
Solver,
Solvers,
Space,
Spaces,
Spam,
Spatial,
Speaker,
Special,
Spectral,
Spectrometer,
Speech,
Speed,
Sphere,
Spi,
Splice,
Split,
Splitting,
Spurious,
Squad,
Stability,
Stable,
Stack,
Stacked,
Standard,
Static,
Station,
Stationary,
Statistical,
Steering,
Stereo,
Stochastic,
Strategies,
Strategy,
Streaming,
Strength,
Stress,
String,
Strings,
Student,
Sub,
Subject,
Submanifold,
Submission,
Subsequence,
Subsequences,
Substantial,
Substrate,
Sufficient,
Suggestions,
Suitability,
Sum,
Summarization,
Summarizing,
Super,
Support,
Surface,
Surfaces,
Symbolic,
Symmetric,
Synchronized,
Synthesis,
Synthesizing,
T5,
TAPE,
TCNN,
TD,
TDA,
TF,
TFE,
TFX,
THR,
TIR,
TL,
TLA,
TLM,
TLMS,
TN,
TOP,
TP,
TPU,
TPUS,
TRACKING,
TRANSFORMER,
TREE,
TTA,
Tuning,
Turned,
Type,
Ugly,
Unbalance,
Unbalanced,
Uncertainty,
Underlie,
Understanding,
Understands,
Uniform,
Uniformity,
Uniformly,
Unit,
Units,
Unknown,
Unlabeled,
Unpredictability,
Unroll,
Unseen,
Update,
Utterance,
VLLM,
Valid,
Validationand,
Variable,
Variables,
Variance,
Variation,
Variational,
Varied,
Vector,
Vectors,
Vgg,
View,
Viewpoint,
ViT,
Visual,
Visualisation,
Visualization,
Vocab,
Voice,
Volterra,
WD,
WDNN,
WGAN,
WM,
Warp,
Warper,
Wave,
Waveform,
Weight,
Weights,
White,
Wider,
Wind,
Wise,
Within,
Word,
Words,
Wrapper,
XAI,
XLNET,
XOR,
Xgboost,
YOLO,
Yolo,
ZINC,
Zipf,
Zygote,
accurate,
activation,
actor,
adversarial,
agent,
aggregation,
algorithm,
alignment,
analysis,
anomaly,
attention,
auto,
automata,
automatic,
backward,
balancing,
base,
batch,
behavior,
binary,
boosting,
boundary,
branch,
caching,
calibration,
capability,
captioning,
causal,
causality,
cellular,
central,
channel,
channels,
character,
characteristics,
classifier,
clustering,
coherence,
cohesion,
compositional,
compression,
computation,
computational,
computer,
computing,
conceptual,
confidence,
conflicting,
constraints,
context,
contextual,
continuous,
control,
convolution,
convolutional,
coordination,
corpora,
corpus,
correlation,
costly,
counterfactual,
coupling,
coverage,
critical,
cross,
crossover,
cuda,
cycle,
decomposition,
decoupling,
defect,
detection,
determinism,
dimension,
dimensionality,
discrete,
discriminator,
distance,
distribution,
distributions,
diversity,
domain,
dropout,
dual,
dynamic,
economies,
element,
elements,
embedding,
embeddings,
encoder,
encryption,
ensemble,
entropy,
environment,
equitable,
equivariant,
error,
estimation,
estimator,
evaluation,
evolution,
evolutionary,
execution,
experimentation,
expert,
explanation,
exploration,
expression,
extraction,
feature,
feedback,
filtering,
filters,
financial,
flexibility,
flops,
flow,
forecasting,
formal,
foundation,
frequency,
function,
fusion,
gain,
game,
gaze,
generalization,
generation,
generative,
genetic,
geometry,
global,
gradient,
gradients,
grammar,
grammatical,
graph,
grounding,
hardware,
hierarchy,
history,
homogeneity,
hyper,
hyperparameter,
hyperparameters,
image,
imaging,
imbalance,
implication,
importance,
imputation,
incentive,
independence,
inference,
influence,
information,
initialization,
input,
instruction,
instructions,
integration,
intelligence,
intelligent,
interaction,
interpretability,
interpretation,
intervention,
interval,
intuition,
inverse,
involvement,
item,
iterative,
kernel,
knowledge,
laplacian,
latency,
latent,
lattice,
layer,
layers,
leakage,
lemma,
lexical,
library,
licensing,
limit,
linear,
linguistic,
linguistics,
link,
linking,
list,
live,
local,
locality,
localization,
logic,
longitudinal,
loss,
manifold,
mapping,
mask,
masking,
mathematical,
matrix,
maximum,
meaning,
measure,
measurement,
mechanical,
mechanism,
memory,
meta,
metamodel,
metric,
metrics,
micro,
migration,
minimal,
minimalist,
minimum,
mix,
mixture,
moment,
moments,
monotonic,
morphological,
motion,
multi,
multichannel,
multiclass,
multidimensional,
multifidelity,
multigraph,
multilabel,
multilingual,
multimodal,
multiobjec,
multiple,
multiscale,
multiset,
multistage,
multitask,
multiview,
multivariate,
music,
mutual,
narrative,
navigation,
neighbor,
nested,
neural,
neuron,
neurons,
noise,
noisy,
nominal,
nonlinearity,
nonmonotonic,
normal,
normalization,
notation,
novel,
numeric,
numerical,
observation,
online,
optimization,
output,
overlap,
overfitting,
parallel,
parameter,
parsing,
path,
pattern,
penalty,
perceptron,
performance,
perturbation,
phase,
phoneme,
phonemes,
phrase,
phrases,
physical,
physics,
planning,
platform,
policy,
pool,
pooling,
population,
populations,
potential,
power,
precision,
prediction,
preference,
pretraining,
principal,
prior,
priority,
privacy,
probabilistic,
probability,
process,
production,
program,
programming,
projection,
propagation,
proposal,
protocols,
prototype,
proximal,
pruning,
public,
punctuations,
quantification,
quantization,
query,
question,
ranking,
ratio,
ratios,
rational,
real,
reason,
recognition,
recurrent,
recursion,
recursive,
reduction,
regularization,
reinforcement,
relation,
relationship,
relevance,
reliability,
repair,
representation,
residual,
resolution,
resource,
resources,
retrieval,
reward,
rewards,
robot,
robotic,
robotics,
robust,
robustness,
rule,
safety,
sampling,
scalar,
scale,
scaling,
scheduling,
schema,
scoring,
search,
searching,
seasonal,
segmentation,
selection,
self,
semantic,
semantics,
sequence,
sequences,
server,
servers,
shape,
shapes,
sharing,
shift,
similarity,
simulation,
single,
singularity,
skill,
skills,
software,
solution,
space,
spaces,
spatial,
spectral,
speech,
speed,
stability,
stable,
stack,
stacked,
standard,
static,
station,
stationary,
statistical,
steering,
stereo,
stochastic,
strategies,
strategy,
strength,
structure,
submanifold,
subsequence,
subsequences,
substantial,
sufficient,
supervised,
support,
surface,
surfaces,
symbolic,
symmetric,
synchronization,
synthesis,
system,
task,
temporal,
tensor,
terminal,
terminals,
testing,
text,
textual,
theoretical,
theory,
thinking,
threshold,
throughput,
time,
timestamp,
token,
tokenization,
tokens,
topic,
topology,
training,
transfer,
transformation,
transformer,
translation,
tree,
unlabeled,
unsupervised,
update,
usage,
utility,
validation,
value,
variable,
variance,
variational,
vector,
vectors,
video,
view,
vision,
visual,
visualization,
vocab,
weight,
weights,
wider,
workflow,
